{
    "$schema": "https://schema.management.azure.com/schemas/2019-04-01/deploymentTemplate.json#",
    "contentVersion": "1.0.0.0",
    "parameters": {},
    "functions": [],
    "variables": {},
    "resources": [
        {
            "name": "vmstore5677676",
            "type": "Microsoft.Storage/storageAccounts",
            "apiVersion": "2021-04-01",
            "location": "[resourceGroup().location]",
            "sku": {
                "name": "Standard_LRS"
            },
            "kind": "StorageV2"
        },
        {
            "name": "app-nsg",
            "type": "Microsoft.Network/networkSecurityGroups",
            "apiVersion": "2020-11-01",
            "location": "[resourceGroup().location]",
            "properties": {
                "securityRules": [
                    {
                        "name": "nsgRule1",
                        "properties": {
                            "description": "description",
                            "protocol": "Tcp",
                            "sourcePortRange": "*",
                            "destinationPortRange": "3389",
                            "sourceAddressPrefix": "*",
                            "destinationAddressPrefix": "*",
                            "access": "Allow",
                            "priority": 100,
                            "direction": "Inbound"
                        }
                    }
                ]
            }
        },{
               "type": "Microsoft.Compute/virtualMachines/extensions",
                "name": "[concat('appvm', '/config-app')]",
                "location": "[resourceGroup().location]",
                "apiVersion": "2018-06-01",
                "dependsOn": [
                    "[resourceId('Microsoft.Compute/virtualMachines/', 'appvm')]"
        ],
        "properties": {
        "publisher": "Microsoft.Compute",
        "type": "CustomScriptExtension",
        "typeHandlerVersion": "1.10",
        "autoUpgradeMinorVersion": true,
        "settings": {
            "fileUris": [
                "https://appstore46565634.blob.core.windows.net/data/InstallIIS.ps1?sp=r&st=2022-01-08T15:51:10Z&se=2022-01-08T23:51:10Z&spr=https&sv=2020-08-04&sr=b&sig=%2BIkm%2FgdAHm8zqYP%2BDqJv7fqQvjDpkARsymj1tfvTIzQ%3D"
            ],
            "commandToExecute": "powershell -ExecutionPolicy Unrestricted -File InstallIIS.ps1"             
        }
         }},         
        {
            "name": "appvm",
            "type": "Microsoft.Compute/virtualMachines",
            "apiVersion": "2021-03-01",
            "location": "[resourceGroup().location]",
            "dependsOn": [
                "[resourceId('Microsoft.Storage/storageAccounts', toLower('vmstore5677676'))]"
            ],
            "properties": {
                "hardwareProfile": {
                    "vmSize": "Standard_A2_v2"
                },
                "osProfile": {
                    "computerName": "appvm",
                    "adminUsername": "demousr",
                    "adminPassword": "Azure@123"
                },
                "storageProfile": {
                    "imageReference": {
                        "publisher": "MicrosoftWindowsServer",
                        "offer": "WindowsServer",
                        "sku": "2019-Datacenter",
                        "version": "latest"
                    },
                    "osDisk": {
                        "name": "windowsVM1OSDisk",
                        "caching": "ReadWrite",
                        "createOption": "FromImage"
                    }
                },
                "networkProfile": {
                    "networkInterfaces": [
                        {
                            "id": "[resourceId('Microsoft.Network/networkInterfaces', 'app-interface')]"
                        }
                    ]
                },
                "diagnosticsProfile": {
                    "bootDiagnostics": {
                        "enabled": true,
                        "storageUri": "[reference(resourceId('Microsoft.Storage/storageAccounts/', toLower('vmstore5677676'))).primaryEndpoints.blob]"
                    }
                }
            }
        }
    ],
    "outputs": {}
}