{
    "$schema": "https://schema.management.azure.com/schemas/2019-04-01/deploymentTemplate.json#",
    "contentVersion": "1.0.0.0",
    "parameters": {},
    "functions": [],
    "variables": {},
    "resources": [
        {
            "name": "app-set",
            "type": "Microsoft.Compute/availabilitySets",
            "apiVersion": "2021-03-01",
            "location": "[resourceGroup().location]",
            "sku" : {
                "name" : "Aligned"
            },
            "properties": {
                "platformFaultDomainCount":3,
                "platformUpdateDomainCount":5
            }
        }
    ],
    "outputs": {}
}