{
    "$schema": "https://schema.management.azure.com/schemas/2019-04-01/deploymentTemplate.json#",
    "contentVersion": "1.0.0.0",
    "resources": [
        {
            "name": "[concat(copyIndex(),'appstore46565634')]",
            "type": "Microsoft.Storage/storageAccounts",
            "apiVersion": "2021-04-01",            
            "location": "North Europe",
            "kind": "StorageV2",
            "sku": {
                "name": "Standard_LRS"
            },
            "copy" : { 
                "name" :"storagecopy",
                "count" : 3
            }
        }
    ]    
}