{
    "$schema": "https://schema.management.azure.com/schemas/2019-04-01/deploymentTemplate.json#",
    "contentVersion": "1.0.0.0",
    "parameters": {},
    "functions": [],
    "variables": {},
    "resources": [
        {
    "type": "Microsoft.Compute/disks",
    "apiVersion": "2018-06-01",
    "name": "data-disk",
    "location": "[resourceGroup().location]",
    "sku": {
        "name": "Standard_LRS"
    },
    "properties": {
        "creationData": {
            "createOption": "Empty"
        },
        "diskSizeGB": 16
    }
}
    ],
    "outputs": {}
}